Id,bboxes
0,"[{'x': 1136.279, 'y': 740.166, 'width': 602.092, 'height': 323.681, 'label': 'ananass'}]"
1,"[{'x': 3993.699931949979, 'y': 1974.4816511468184, 'width': 3997.0153636965492, 'height': 2507.564378195041, 'label': 'tiina'}, {'x': 3390.4706354030145, 'y': 2120.331470911665, 'width': 3430.868282919571, 'height': 2365.08105378085, 'label': 'maiuspala'}, {'x': 287.62538207693166, 'y': 525.2860518658288, 'width': 3438.9263476759015, 'height': 1410.6398821604657, 'label': 'kaseke'}, {'x': 2974.0872468587063, 'y': 393.7781411059028, 'width': 3531.0510538128824, 'height': 843.0847713402698, 'label': 'pralinee'}, {'x': 104.20311426281347, 'y': 1280.2683687325266, 'width': 3613.0079843057174, 'height': 2626.6839295552177, 'label': 'mesikapp'}]"
2,"[{'x': 892.5025844278914, 'y': 252.39055852626808, 'width': 1795.1903676592733, 'height': 1161.814058055229, 'label': 'ananass'}]"
3,"[{'x': 566.3801643329409, 'y': 529.3065042662898, 'width': 1848.1636980978353, 'height': 1277.2290667583493, 'label': 'tiina'}]"
4,"[{'x': 424.39859594925053, 'y': 811.2177630712214, 'width': 756.1483673233718, 'height': 1812.6035011891777, 'label': 'tiina'}, {'x': 104.98457053357856, 'y': 1337.0253911845339, 'width': 1087.1979658040464, 'height': 3123.1562400148523, 'label': 'pralinee'}]"
5,"[{'x': 1098.3422275178623, 'y': 2535.3204387223773, 'width': 1348.782339302827, 'height': 2560.19190197035, 'label': 'mesikapp'}, {'x': 1397.7001346671907, 'y': 2537.808102076962, 'width': 1591.4722458547321, 'height': 2569.5304078499153, 'label': 'maiuspala'}, {'x': 601.938180063988, 'y': 1630.2694296698623, 'width': 2230.9294954558654, 'height': 2534.5271610435475, 'label': 'maiuspala'}]"
6,"[{'x': 2120.9602912314367, 'y': 2345.577398283496, 'width': 2438.828582344348, 'height': 2924.896088768511, 'label': 'ananass'}, {'x': 368.0448713410539, 'y': 2249.3607786454145, 'width': 2552.2562387623398, 'height': 2796.205948082952, 'label': 'kaseke'}, {'x': 350.9642914630313, 'y': 1646.7983104047369, 'width': 1889.8392241992137, 'height': 2272.637480309703, 'label': 'pralinee'}, {'x': 933.3686359136144, 'y': 2392.6564851504822, 'width': 1363.980979348245, 'height': 2714.271572811307, 'label': 'pralinee'}, {'x': 2271.6888044877096, 'y': 1733.5089037356174, 'width': 2472.73833721472, 'height': 2934.2146676732714, 'label': 'maiuspala'}]"
7,"[{'x': 2784.363062028818, 'y': 143.06636078364357, 'width': 2817.030438392867, 'height': 792.8649321599314, 'label': 'mesikapp'}, {'x': 1994.9602303403697, 'y': 1379.5408870705899, 'width': 2664.274145360867, 'height': 2047.3570736944143, 'label': 'pralinee'}, {'x': 714.5716157387238, 'y': 1761.351114966964, 'width': 2280.260430963921, 'height': 2518.147195554377, 'label': 'maiuspala'}, {'x': 1005.7318486569199, 'y': 1588.701628955771, 'width': 1497.6669699167915, 'height': 2195.233871622827, 'label': 'ananass'}, {'x': 2662.66405171032, 'y': 540.5866330054114, 'width': 2745.6467447232326, 'height': 1481.7477582497227, 'label': 'pralinee'}, {'x': 2821.535480806701, 'y': 134.8750595613267, 'width': 2967.143610332916, 'height': 2060.1453387673823, 'label': 'ananass'}, {'x': 1238.6601288490203, 'y': 2039.7172373409712, 'width': 2359.0392540152798, 'height': 2306.197129052826, 'label': 'kaseke'}]"
8,"[{'x': 2906.517652237415, 'y': 1975.949877114322, 'width': 2973.2349069034976, 'height': 3986.9111923960454, 'label': 'pralinee'}, {'x': 2914.4935164300873, 'y': 3460.4331378554734, 'width': 2939.402085675085, 'height': 3686.0700701741525, 'label': 'mesikapp'}, {'x': 1951.972537763076, 'y': 735.5212645123407, 'width': 2647.3094173688196, 'height': 2679.567021353142, 'label': 'tiina'}, {'x': 998.2098453547005, 'y': 2655.9300211198592, 'width': 1067.435201661352, 'height': 3074.2434366648295, 'label': 'ananass'}, {'x': 107.8407397014628, 'y': 2656.9305845646136, 'width': 322.4382804712244, 'height': 3907.217264092468, 'label': 'kaseke'}, {'x': 2591.6489551207915, 'y': 39.267358147411, 'width': 2780.7868159230766, 'height': 304.8201517453258, 'label': 'ananass'}, {'x': 1600.224135928788, 'y': 285.10696539790814, 'width': 2189.6670758245727, 'height': 1788.596410784125, 'label': 'ananass'}]"
9,"[{'x': 753.6312116851601, 'y': 2037.5934629593517, 'width': 1922.6135643106309, 'height': 2312.3809589446646, 'label': 'ananass'}, {'x': 1578.7114652791224, 'y': 679.2094533148581, 'width': 1977.6477034522375, 'height': 1360.921068851497, 'label': 'tiina'}, {'x': 2462.0967409883806, 'y': 2626.654662594968, 'width': 2553.09986118901, 'height': 2659.440049891702, 'label': 'kaseke'}, {'x': 144.84925356209644, 'y': 2318.742340781589, 'width': 545.6040840495963, 'height': 2414.5610531051743, 'label': 'mesikapp'}, {'x': 85.60543718014726, 'y': 2317.621727298008, 'width': 970.2866780114496, 'height': 2553.406545457013, 'label': 'pralinee'}, {'x': 692.6231048710594, 'y': 1902.3323274565494, 'width': 1948.9523688054664, 'height': 2644.8786051013435, 'label': 'ananass'}, {'x': 451.8626577968746, 'y': 646.5253588511023, 'width': 1348.123302773803, 'height': 782.2653142187669, 'label': 'pralinee'}]"
10,"[{'x': 186.92834927644253, 'y': 2113.1046336329086, 'width': 1099.5254564416282, 'height': 2588.1092827035154, 'label': 'tiina'}, {'x': 1133.5130205973132, 'y': 1825.184139888636, 'width': 1751.1239786304427, 'height': 2462.9005651969824, 'label': 'ananass'}, {'x': 1822.5360554499882, 'y': 1455.221958384111, 'width': 1985.1694812759845, 'height': 2659.3988468948673, 'label': 'maiuspala'}, {'x': 955.3017805389497, 'y': 687.1770445317445, 'width': 2079.8000806550317, 'height': 1781.445334844981, 'label': 'kaseke'}, {'x': 1167.530246288364, 'y': 1433.4931830973449, 'width': 1273.5989534464434, 'height': 2689.328329776824, 'label': 'ananass'}]"
11,"[{'x': 1565.2515833868458, 'y': 442.3600767241088, 'width': 2984.5964416704037, 'height': 1061.985666226461, 'label': 'ananass'}, {'x': 332.8790825363375, 'y': 2324.1715621931376, 'width': 3263.490426221891, 'height': 2501.379123030958, 'label': 'kaseke'}, {'x': 205.71069308076505, 'y': 2024.5447499042925, 'width': 903.8155645938588, 'height': 2102.91053745994, 'label': 'tiina'}, {'x': 3582.809800805757, 'y': 2659.2670589970285, 'width': 3994.2903472764074, 'height': 2670.570816916244, 'label': 'kaseke'}]"
12,"[{'x': 1111.679277851554, 'y': 445.4710494406424, 'width': 1172.6157460434554, 'height': 1569.7448900323393, 'label': 'ananass'}, {'x': 532.081752675352, 'y': 1782.189430611667, 'width': 2100.5271855590486, 'height': 2131.7650738338302, 'label': 'maiuspala'}, {'x': 730.4259782373133, 'y': 1503.7584379369478, 'width': 1635.0881537985854, 'height': 1687.4334834988156, 'label': 'pralinee'}, {'x': 2595.577644802013, 'y': 195.38826649937377, 'width': 3525.5334364674763, 'height': 396.4945754932129, 'label': 'mesikapp'}, {'x': 1587.3964235091287, 'y': 1351.2409173280744, 'width': 3639.715084294643, 'height': 1653.1322609043577, 'label': 'mesikapp'}, {'x': 489.153099007186, 'y': 1912.4892121671173, 'width': 1718.8174045788633, 'height': 2068.491159287634, 'label': 'ananass'}]"
13,"[{'x': 53.367281858344825, 'y': 1429.5942099581512, 'width': 1808.8916779712983, 'height': 2223.706165341363, 'label': 'mesikapp'}, {'x': 53.39109686191501, 'y': 283.51372615080106, 'width': 1439.1338436057665, 'height': 493.42058829713983, 'label': 'tiina'}, {'x': 2336.6138419790536, 'y': 2286.643351621898, 'width': 2500.1372248079774, 'height': 2304.9056798358097, 'label': 'maiuspala'}, {'x': 210.6167458650321, 'y': 2307.5188050812435, 'width': 2464.9436795531665, 'height': 2467.4787736766493, 'label': 'tiina'}]"
14,"[{'x': 1435.7750112174367, 'y': 615.9923826115737, 'width': 1904.3304375935286, 'height': 1413.3455499498043, 'label': 'ananass'}, {'x': 988.2364158368543, 'y': 734.762772992956, 'width': 3439.249188600548, 'height': 1104.88581304969, 'label': 'tiina'}, {'x': 2009.1049143461657, 'y': 2530.483951773892, 'width': 3175.254471584347, 'height': 2962.312392143965, 'label': 'mesikapp'}, {'x': 435.96771138113775, 'y': 1964.7587485392905, 'width': 2496.5348655615417, 'height': 2222.8083147950465, 'label': 'tiina'}]"
15,"[{'x': 2221.7484548611396, 'y': 443.33038878483603, 'width': 2366.929181018978, 'height': 2594.718890939702, 'label': 'tiina'}, {'x': 315.8646157423834, 'y': 1671.3549051182029, 'width': 1851.410891606904, 'height': 2663.669293061719, 'label': 'pralinee'}, {'x': 1402.7024561069775, 'y': 1039.620408511672, 'width': 1584.8688396603268, 'height': 2737.119403769323, 'label': 'maiuspala'}, {'x': 1884.4547686153815, 'y': 1392.5158001233658, 'width': 2673.940803980467, 'height': 1763.3212603872207, 'label': 'maiuspala'}, {'x': 2266.9857511368236, 'y': 2346.792228543584, 'width': 2305.7376533718434, 'height': 2760.424077069963, 'label': 'kaseke'}, {'x': 2107.868514779769, 'y': 231.8481955978517, 'width': 2715.2534708660305, 'height': 795.1444812965998, 'label': 'mesikapp'}, {'x': 1982.0929723466206, 'y': 909.4155062574729, 'width': 2542.875587366987, 'height': 1076.5003320497044, 'label': 'tiina'}]"
16,"[{'x': 2122.144569280138, 'y': 2016.7499868832497, 'width': 3049.9157809821386, 'height': 2672.8822449798, 'label': 'pralinee'}, {'x': 3246.2070714350557, 'y': 1129.833789800136, 'width': 3310.4348368213414, 'height': 2637.603223942624, 'label': 'maiuspala'}, {'x': 51.019107802823704, 'y': 2892.722808467934, 'width': 2240.258239406591, 'height': 2915.9793256697108, 'label': 'ananass'}, {'x': 2015.1136551841996, 'y': 493.4299409714854, 'width': 3781.983051133063, 'height': 1737.2683843479952, 'label': 'mesikapp'}, {'x': 1158.7985925184614, 'y': 558.2031828794072, 'width': 3810.819037174202, 'height': 2650.498127861383, 'label': 'pralinee'}]"
17,"[{'x': 2145.0019614749576, 'y': 1584.811570461933, 'width': 2406.075526394463, 'height': 3414.767940040474, 'label': 'tiina'}, {'x': 282.02507321168014, 'y': 209.6691273880653, 'width': 2463.8362883839045, 'height': 2205.975316441937, 'label': 'tiina'}]"
18,"[{'x': 1810.0818330298077, 'y': 558.3214027484827, 'width': 1897.8076356877411, 'height': 1318.3382723497289, 'label': 'kaseke'}, {'x': 310.87653542116226, 'y': 651.0327897545275, 'width': 1454.0033693320083, 'height': 1432.6320161167293, 'label': 'tiina'}, {'x': 576.2169180004053, 'y': 1013.9431194845116, 'width': 1031.226863608274, 'height': 1649.1338960935593, 'label': 'tiina'}, {'x': 76.19300641127737, 'y': 894.4573533017486, 'width': 1848.545607077038, 'height': 1727.0872608887812, 'label': 'maiuspala'}, {'x': 1934.0024751181036, 'y': 1129.7699073276522, 'width': 1970.5553783437733, 'height': 1649.3863396831136, 'label': 'maiuspala'}, {'x': 1463.1494163273965, 'y': 1658.1816362589245, 'width': 1857.2754645754999, 'height': 1749.9617094174018, 'label': 'tiina'}, {'x': 1725.6023673179093, 'y': 125.71695659662001, 'width': 1979.9325990092261, 'height': 1423.9187286886126, 'label': 'kaseke'}]"
19,"[{'x': 1662.136911592736, 'y': 319.4646186358809, 'width': 1952.2930341197466, 'height': 1375.9313590844713, 'label': 'maiuspala'}, {'x': 2016.4469448707189, 'y': 1144.8853674482941, 'width': 2038.4229124677522, 'height': 1554.611103797298, 'label': 'mesikapp'}, {'x': 48.21294692459217, 'y': 650.5507440049695, 'width': 841.3411206561793, 'height': 2016.7084133336361, 'label': 'kaseke'}]"
20,"[{'x': 867.2070075516469, 'y': 67.67424982199965, 'width': 2390.2793819395856, 'height': 926.6470989988035, 'label': 'kaseke'}, {'x': 3445.08272424364, 'y': 2716.6457584399895, 'width': 3507.5909266604067, 'height': 2828.177142827738, 'label': 'mesikapp'}, {'x': 1250.1626276528577, 'y': 371.46079947577573, 'width': 1548.5038585876027, 'height': 1228.1940897537756, 'label': 'maiuspala'}, {'x': 3641.8941870515027, 'y': 2989.922230320434, 'width': 3722.579420684533, 'height': 2995.795491081406, 'label': 'pralinee'}]"
21,"[{'x': 7.993173962316793, 'y': 1030.1335780020775, 'width': 1089.6125523537155, 'height': 1098.323567735786, 'label': 'maiuspala'}, {'x': 481.1076363029475, 'y': 169.09968207684176, 'width': 809.0623600112335, 'height': 615.5364411723759, 'label': 'pralinee'}, {'x': 1071.57317244441, 'y': 793.831800530919, 'width': 1147.9096963079505, 'height': 850.381915022374, 'label': 'mesikapp'}, {'x': 1120.9461678806701, 'y': 140.55330581063615, 'width': 1135.0286817033218, 'height': 625.6400561285174, 'label': 'ananass'}, {'x': 843.54790544775, 'y': 736.6478536473707, 'width': 1095.7839680377094, 'height': 738.1045885983837, 'label': 'mesikapp'}]"
22,"[{'x': 566.8332300296255, 'y': 1947.9206567648243, 'width': 1092.7207282595136, 'height': 2154.5277434682494, 'label': 'pralinee'}, {'x': 900.6614816490383, 'y': 355.3004378695913, 'width': 1787.6295337372298, 'height': 394.0393192879055, 'label': 'tiina'}, {'x': 1338.983108280825, 'y': 27.062905477950274, 'width': 2973.13625982729, 'height': 2152.7605604132464, 'label': 'mesikapp'}]"
23,"[{'x': 1593.7106610906326, 'y': 537.0095711397852, 'width': 2627.5130179551234, 'height': 2511.18593360278, 'label': 'kaseke'}, {'x': 249.6050621793362, 'y': 2674.44222715207, 'width': 598.4713865663281, 'height': 2759.213807967099, 'label': 'tiina'}, {'x': 1451.908113584642, 'y': 1024.4197535312567, 'width': 2258.55476098089, 'height': 2186.206740830226, 'label': 'kaseke'}, {'x': 857.431812591346, 'y': 2637.219680475338, 'width': 2151.81138909518, 'height': 2827.8438028937467, 'label': 'pralinee'}]"
24,"[{'x': 2185.356844247568, 'y': 2523.6948323309166, 'width': 2538.836786384654, 'height': 2534.064264621638, 'label': 'maiuspala'}, {'x': 1476.741286907565, 'y': 1156.50013860401, 'width': 2103.079164184197, 'height': 2102.1388237494057, 'label': 'pralinee'}, {'x': 1407.8717839936962, 'y': 2172.6532001215546, 'width': 1841.5284822253113, 'height': 2243.992516554574, 'label': 'pralinee'}, {'x': 479.56215110619496, 'y': 344.925262104679, 'width': 2012.0096278842395, 'height': 1604.1680110388343, 'label': 'ananass'}]"
25,"[{'x': 341.28971221667547, 'y': 1687.7313717437946, 'width': 2733.6209311646785, 'height': 2863.22412452104, 'label': 'kaseke'}, {'x': 953.311922110716, 'y': 1317.608221334474, 'width': 1352.3275010908465, 'height': 1955.5467995807555, 'label': 'mesikapp'}, {'x': 2450.9484016683928, 'y': 985.8243187243173, 'width': 2829.547587454176, 'height': 1737.2907338851805, 'label': 'maiuspala'}, {'x': 2847.963703633166, 'y': 218.78746089699402, 'width': 2855.169743430184, 'height': 365.49982198424124, 'label': 'ananass'}, {'x': 316.719890678197, 'y': 2529.014620391549, 'width': 581.434288336005, 'height': 2593.976643896144, 'label': 'mesikapp'}, {'x': 1440.5349825035378, 'y': 2058.680018726821, 'width': 2716.331839632501, 'height': 2413.455010397144, 'label': 'mesikapp'}, {'x': 1415.9757481434583, 'y': 1353.5838554530417, 'width': 2815.840540928147, 'height': 2287.3196919043858, 'label': 'tiina'}]"
26,"[{'x': 2749.399413360155, 'y': 2555.9387243415267, 'width': 2842.175424449122, 'height': 3761.539900741215, 'label': 'ananass'}, {'x': 2075.494803485752, 'y': 1929.6750066032287, 'width': 2699.586870575376, 'height': 3521.3952385075963, 'label': 'maiuspala'}, {'x': 967.0404622879606, 'y': 158.33371899214478, 'width': 2608.0447044950984, 'height': 2528.0112454467467, 'label': 'maiuspala'}, {'x': 1946.7563595733807, 'y': 1770.7100183273078, 'width': 2695.558752455981, 'height': 2874.4470723723252, 'label': 'mesikapp'}, {'x': 757.8793260505158, 'y': 597.0155817504965, 'width': 2937.71303860345, 'height': 3877.5309038820437, 'label': 'ananass'}, {'x': 1805.7266115852144, 'y': 2225.949620331689, 'width': 2729.3843078986547, 'height': 3469.5768128711406, 'label': 'pralinee'}, {'x': 587.5197252202491, 'y': 2284.2377147065736, 'width': 761.1703605639881, 'height': 2562.1817496703043, 'label': 'maiuspala'}]"
27,"[{'x': 921.7845639574605, 'y': 2015.3465689171494, 'width': 2693.5882292604483, 'height': 2409.155365717201, 'label': 'kaseke'}, {'x': 2694.945948392343, 'y': 1372.6115243772706, 'width': 2801.099866369488, 'height': 1931.5563517716434, 'label': 'ananass'}, {'x': 795.2971555738525, 'y': 440.5748934116693, 'width': 2157.135339925133, 'height': 1061.0327922529805, 'label': 'pralinee'}, {'x': 2449.132302268598, 'y': 2593.1038769298953, 'width': 2684.746197313983, 'height': 2832.598277020685, 'label': 'pralinee'}, {'x': 1502.610219545657, 'y': 2647.713862446135, 'width': 2596.609318902091, 'height': 2750.107929858636, 'label': 'tiina'}]"
28,"[{'x': 1788.7904153431396, 'y': 92.63304359413316, 'width': 2066.7829953311802, 'height': 1680.9377547906813, 'label': 'ananass'}, {'x': 952.407580067507, 'y': 38.81205512974411, 'width': 1145.8686292914938, 'height': 1371.577095321267, 'label': 'ananass'}, {'x': 1786.1774240871475, 'y': 938.6001438305506, 'width': 2224.8566273381084, 'height': 1275.6844744818907, 'label': 'ananass'}, {'x': 94.87015727481699, 'y': 686.8045563923911, 'width': 2371.6098107308667, 'height': 1253.7097450123892, 'label': 'mesikapp'}]"
29,"[{'x': 2336.2234356837403, 'y': 797.3730842024727, 'width': 3273.7840526784826, 'height': 2480.6391280251755, 'label': 'mesikapp'}, {'x': 2509.946019637087, 'y': 2858.782407193474, 'width': 2820.7864463188516, 'height': 2990.105379453503, 'label': 'ananass'}, {'x': 3322.413826324356, 'y': 1995.3064013005203, 'width': 3387.436105527549, 'height': 2626.8300116781197, 'label': 'tiina'}, {'x': 865.5212704235644, 'y': 2079.5320096922464, 'width': 1361.669952625789, 'height': 2800.9783493503387, 'label': 'maiuspala'}, {'x': 702.7939018554148, 'y': 2686.629247795007, 'width': 1081.9996713204002, 'height': 2740.253688238083, 'label': 'tiina'}]"
30,"[{'x': 1458.3825589358828, 'y': 326.35453982350214, 'width': 2652.1757986646826, 'height': 2778.47639136666, 'label': 'kaseke'}, {'x': 1534.8376386469338, 'y': 2147.487043582192, 'width': 2998.6618267542312, 'height': 2937.4963713719353, 'label': 'tiina'}, {'x': 1094.5815224078028, 'y': 2646.7054426573163, 'width': 2314.9744939819802, 'height': 2862.83578329891, 'label': 'tiina'}, {'x': 1154.3816760196241, 'y': 2026.2310506169106, 'width': 2888.6530336450114, 'height': 2366.9718673273455, 'label': 'mesikapp'}, {'x': 105.27756751913134, 'y': 2304.2257782047554, 'width': 1714.034871427543, 'height': 2787.0645623864543, 'label': 'tiina'}, {'x': 88.33593120208909, 'y': 1077.0755504120464, 'width': 2123.831777057122, 'height': 2578.4465260246016, 'label': 'ananass'}, {'x': 1953.0025723083945, 'y': 1343.5047434052556, 'width': 2565.4188813624905, 'height': 2052.884013692422, 'label': 'maiuspala'}]"
31,"[{'x': 3742.8834172990773, 'y': 2590.3792877433675, 'width': 3995.565651057351, 'height': 2727.139977900332, 'label': 'mesikapp'}, {'x': 3083.150293531766, 'y': 1747.5824730219465, 'width': 3731.9765105863075, 'height': 1937.781714301732, 'label': 'kaseke'}, {'x': 859.0348714180914, 'y': 660.0915297146305, 'width': 1177.0547748983222, 'height': 2232.0142276715646, 'label': 'maiuspala'}, {'x': 3520.529888569049, 'y': 1645.0065551369003, 'width': 3593.6227272334613, 'height': 2886.529917925084, 'label': 'mesikapp'}, {'x': 2977.1486313249443, 'y': 440.71719121011523, 'width': 3426.751786163348, 'height': 2510.1815431250952, 'label': 'pralinee'}, {'x': 2835.781698047652, 'y': 1262.9012242861968, 'width': 3773.676041180024, 'height': 2332.882829356068, 'label': 'pralinee'}, {'x': 3570.6274357670836, 'y': 2506.683608631134, 'width': 3616.903728867274, 'height': 2536.764931763658, 'label': 'pralinee'}]"
32,"[{'x': 2573.819165415772, 'y': 1993.4599936757913, 'width': 2656.3429355691374, 'height': 2222.098553577367, 'label': 'pralinee'}, {'x': 2585.278406313146, 'y': 1118.6989512142025, 'width': 2674.7953333791975, 'height': 1220.8807378505453, 'label': 'kaseke'}]"
33,"[{'x': 2668.545401684786, 'y': 1393.9896437187556, 'width': 3135.2141071956544, 'height': 1448.6939690138217, 'label': 'ananass'}]"
34,"[{'x': 3353.7054575291613, 'y': 644.5787558630938, 'width': 3449.7693510641707, 'height': 1515.0385782717794, 'label': 'kaseke'}, {'x': 3431.579501011754, 'y': 572.2007968958338, 'width': 3577.3279100021823, 'height': 1101.550590223997, 'label': 'maiuspala'}, {'x': 789.4977694339267, 'y': 274.8926174265892, 'width': 871.6176136981633, 'height': 2126.9468434801843, 'label': 'tiina'}]"
35,"[{'x': 185.3895833585835, 'y': 38.77560812409023, 'width': 898.9140954254327, 'height': 93.95376948661549, 'label': 'kaseke'}, {'x': 434.82761031518083, 'y': 1074.922999281924, 'width': 606.0575796414568, 'height': 1968.4284944864562, 'label': 'mesikapp'}, {'x': 1043.8862358874444, 'y': 739.5483286825823, 'width': 1624.232313528511, 'height': 1527.7620786011294, 'label': 'ananass'}, {'x': 2182.7930014498133, 'y': 1159.3503227601148, 'width': 2219.944535677237, 'height': 1876.776196497235, 'label': 'tiina'}, {'x': 1229.8695792803674, 'y': 412.03583093185597, 'width': 1644.7696412415025, 'height': 1710.054286518593, 'label': 'pralinee'}, {'x': 1434.5056072099428, 'y': 1520.4601112393823, 'width': 2058.5400275268335, 'height': 1787.9601029916548, 'label': 'ananass'}]"
36,"[{'x': 1929.502464279748, 'y': 1340.003493730946, 'width': 2396.496913598611, 'height': 1453.6227081834522, 'label': 'ananass'}, {'x': 596.2057005025101, 'y': 524.9504952238982, 'width': 1807.2144727161835, 'height': 1037.0071471680296, 'label': 'kaseke'}, {'x': 1975.1792973967365, 'y': 766.0477895628079, 'width': 2269.4934782134956, 'height': 1208.7604013653308, 'label': 'pralinee'}, {'x': 234.21614231683728, 'y': 1432.1035572354785, 'width': 1349.4180467785066, 'height': 1513.2575640761695, 'label': 'maiuspala'}, {'x': 2434.20872005116, 'y': 1625.0470568538294, 'width': 2437.83374954639, 'height': 1797.4215148594135, 'label': 'mesikapp'}, {'x': 159.30491336549204, 'y': 1516.3828001197585, 'width': 604.1369429482745, 'height': 1777.5108790061263, 'label': 'maiuspala'}, {'x': 1180.6157803774242, 'y': 555.5284608546401, 'width': 1265.4876474084676, 'height': 1527.4122632819242, 'label': 'pralinee'}]"
37,"[{'x': 2864.6963129608657, 'y': 844.0368670262153, 'width': 2892.323559307373, 'height': 886.685429389063, 'label': 'maiuspala'}, {'x': 956.6251746290121, 'y': 1464.4171743871598, 'width': 2053.800830216464, 'height': 1486.222569891132, 'label': 'mesikapp'}, {'x': 2893.2666940764566, 'y': 108.8193610462882, 'width': 2914.427370127842, 'height': 1085.9580910144957, 'label': 'ananass'}, {'x': 2993.236683027169, 'y': 1099.6456513410756, 'width': 3214.636056872193, 'height': 1422.6395774887987, 'label': 'ananass'}, {'x': 3160.5974334413277, 'y': 607.9211855404296, 'width': 3641.8023436918206, 'height': 1157.9126598544365, 'label': 'maiuspala'}, {'x': 1964.4236039300933, 'y': 1197.480070102502, 'width': 2492.1278219538644, 'height': 1248.83125426481, 'label': 'kaseke'}]"
38,"[{'x': 2271.1789355682013, 'y': 202.42530982451154, 'width': 3138.753213390022, 'height': 1722.0319592711896, 'label': 'tiina'}, {'x': 1043.3499767421138, 'y': 542.455782422594, 'width': 1986.057164858139, 'height': 1654.0851230179244, 'label': 'ananass'}, {'x': 1495.3723578624404, 'y': 1225.4820236975731, 'width': 2402.2112809970886, 'height': 1489.1693012118974, 'label': 'kaseke'}, {'x': 2661.8939441910616, 'y': 1621.0044443531533, 'width': 3047.6416419402235, 'height': 1679.5412315074961, 'label': 'pralinee'}, {'x': 783.8879030064015, 'y': 860.0273628082696, 'width': 1485.5501706442324, 'height': 1729.2971595884228, 'label': 'ananass'}, {'x': 314.461410621547, 'y': 1109.4721197741767, 'width': 843.8833880325177, 'height': 1745.5146064750643, 'label': 'pralinee'}]"
39,"[{'x': 1838.7779339094363, 'y': 1993.0833995514972, 'width': 2576.2047691946577, 'height': 2681.7182705889654, 'label': 'pralinee'}, {'x': 51.674149252551906, 'y': 3178.7945947422454, 'width': 524.175180722316, 'height': 3441.910773290489, 'label': 'ananass'}, {'x': 371.5109012639676, 'y': 1185.2873570576924, 'width': 2422.6990749188485, 'height': 3147.142434374763, 'label': 'pralinee'}, {'x': 1407.8090470545762, 'y': 2117.468269605145, 'width': 2072.6080519342204, 'height': 2217.279678255322, 'label': 'kaseke'}, {'x': 1045.8622808236055, 'y': 690.5190030586023, 'width': 1465.5218008165443, 'height': 1986.984620343343, 'label': 'pralinee'}, {'x': 2281.3613893997417, 'y': 2536.7892787800356, 'width': 2392.841808284913, 'height': 2714.347689464893, 'label': 'maiuspala'}, {'x': 580.4998155376944, 'y': 2255.277767785803, 'width': 2439.1799594315407, 'height': 2538.2121337190783, 'label': 'tiina'}]"
40,"[{'x': 2713.621189549056, 'y': 1722.8219526722175, 'width': 2869.6167503619413, 'height': 2262.914358070885, 'label': 'tiina'}, {'x': 2727.3977247250373, 'y': 166.6719753926386, 'width': 2834.852833381635, 'height': 965.895603127181, 'label': 'tiina'}, {'x': 2105.6084820703995, 'y': 1173.4955548155795, 'width': 2854.374450958734, 'height': 2257.1111084887116, 'label': 'pralinee'}, {'x': 2522.3183425040365, 'y': 1399.5410406190608, 'width': 2903.632002936801, 'height': 1455.8682718162179, 'label': 'kaseke'}, {'x': 1307.1087214068468, 'y': 933.5599173749363, 'width': 2615.1135013323687, 'height': 2133.750072947476, 'label': 'pralinee'}]"
41,"[{'x': 2202.7283769419073, 'y': 518.8341823357681, 'width': 2844.2820913553037, 'height': 1426.8266047814766, 'label': 'tiina'}, {'x': 2282.6576185253994, 'y': 2059.9171563994414, 'width': 3006.1075902628027, 'height': 2214.400487026549, 'label': 'mesikapp'}, {'x': 1354.1804834919797, 'y': 541.9646704717089, 'width': 3576.744441627493, 'height': 710.3893064813075, 'label': 'maiuspala'}]"
42,"[{'x': 745.7188483664604, 'y': 1525.63231568159, 'width': 2675.306491706504, 'height': 1555.5138119220028, 'label': 'ananass'}, {'x': 1890.5531609989225, 'y': 325.985577597279, 'width': 1926.1788344116376, 'height': 1499.820252587336, 'label': 'mesikapp'}, {'x': 909.4063564197692, 'y': 1676.396361655313, 'width': 1052.429884336596, 'height': 1695.0176174015746, 'label': 'maiuspala'}, {'x': 2166.68276162293, 'y': 800.9241840965084, 'width': 2739.6333974650697, 'height': 970.3374894036026, 'label': 'ananass'}, {'x': 2957.6488357072562, 'y': 1531.0012653915192, 'width': 3267.2522074385324, 'height': 1625.3695364819878, 'label': 'kaseke'}]"
43,"[{'x': 2570.415006024468, 'y': 1626.7368036213788, 'width': 2824.8704205633026, 'height': 1654.2835183605473, 'label': 'mesikapp'}, {'x': 1220.3427405663383, 'y': 732.7781157649388, 'width': 2023.0759122796123, 'height': 1080.47571058048, 'label': 'ananass'}, {'x': 837.500212165792, 'y': 324.47357282558994, 'width': 2960.64218033158, 'height': 520.1224818328863, 'label': 'tiina'}, {'x': 3159.0855116663506, 'y': 836.987793495925, 'width': 3160.205321116784, 'height': 1343.1499298217386, 'label': 'kaseke'}, {'x': 2534.433387831643, 'y': 519.9454016428059, 'width': 3188.6541346104727, 'height': 1034.75745787308, 'label': 'pralinee'}]"
44,"[{'x': 925.3372302345533, 'y': 316.6679914700469, 'width': 1243.0625792077578, 'height': 1026.6697818756688, 'label': 'kaseke'}, {'x': 57.23108409939888, 'y': 1425.4298843839401, 'width': 1300.413927069795, 'height': 1425.8267251451311, 'label': 'mesikapp'}, {'x': 308.5837421888051, 'y': 1177.07986410789, 'width': 1221.7558853453997, 'height': 1238.99880688312, 'label': 'tiina'}, {'x': 1086.922711160481, 'y': 537.9756550376248, 'width': 1305.421550843229, 'height': 1093.6680965817673, 'label': 'ananass'}, {'x': 159.2067617773124, 'y': 189.83275057797022, 'width': 815.9696317479641, 'height': 872.975108262305, 'label': 'maiuspala'}, {'x': 770.634370073633, 'y': 1232.7346965751203, 'width': 1197.9205687424756, 'height': 1409.6246731193614, 'label': 'tiina'}]"
45,"[{'x': 1678.4915389937983, 'y': 1546.5801573317945, 'width': 2730.244835587543, 'height': 2698.042403885712, 'label': 'tiina'}, {'x': 2991.0379180298514, 'y': 1339.2740083351052, 'width': 2993.996798904065, 'height': 2233.5411036252553, 'label': 'pralinee'}, {'x': 1578.971226703932, 'y': 2621.340651118352, 'width': 2332.089868866904, 'height': 2931.621992957981, 'label': 'pralinee'}]"
46,"[{'x': 1133.0572751054679, 'y': 411.47484921768194, 'width': 1178.9119007943289, 'height': 1426.3736896194132, 'label': 'pralinee'}, {'x': 760.042458960106, 'y': 955.8009645808817, 'width': 1130.6102702567714, 'height': 1454.9516427515725, 'label': 'pralinee'}, {'x': 842.8692838284843, 'y': 1379.1987648347495, 'width': 1213.415254187063, 'height': 1395.5491882467152, 'label': 'mesikapp'}, {'x': 751.4570577798733, 'y': 667.2012538043953, 'width': 904.2977367727731, 'height': 1522.7146104322087, 'label': 'maiuspala'}, {'x': 251.85633456516584, 'y': 1363.9126177876033, 'width': 549.3832369775347, 'height': 1535.4689034752134, 'label': 'tiina'}, {'x': 320.0504275763451, 'y': 772.224796275579, 'width': 329.6647183541978, 'height': 948.7703839809519, 'label': 'pralinee'}, {'x': 672.1523150066679, 'y': 820.4466564857904, 'width': 722.0024432499183, 'height': 1037.4781937672249, 'label': 'pralinee'}]"
47,"[{'x': 481.84517954809655, 'y': 2352.7293790418876, 'width': 2988.659855487237, 'height': 2623.7299809103633, 'label': 'pralinee'}, {'x': 2920.7359742639983, 'y': 1216.5524399816156, 'width': 2970.6420967875415, 'height': 2192.5447017621673, 'label': 'tiina'}, {'x': 229.5105010402757, 'y': 321.17676067133704, 'width': 857.7932391484096, 'height': 2351.532911408207, 'label': 'pralinee'}, {'x': 1272.7016526258096, 'y': 824.2187578991003, 'width': 2216.013339361847, 'height': 1849.3159197065042, 'label': 'mesikapp'}, {'x': 2642.3090838702533, 'y': 2229.0252328661763, 'width': 2652.8018519646103, 'height': 2955.7011169159364, 'label': 'pralinee'}]"
48,"[{'x': 1950.8627931497413, 'y': 1223.0339141296336, 'width': 2379.7510181372127, 'height': 1907.1294240735388, 'label': 'kaseke'}, {'x': 2706.359009161534, 'y': 384.3131949959084, 'width': 2789.4109012005556, 'height': 1597.6318839623261, 'label': 'kaseke'}, {'x': 206.2615967840623, 'y': 1366.1020257511855, 'width': 2954.6665128763602, 'height': 1662.4952429152645, 'label': 'pralinee'}]"
49,"[{'x': 876.6457387307711, 'y': 360.0877819767835, 'width': 948.6745184795293, 'height': 2136.3376343726704, 'label': 'ananass'}, {'x': 449.1207649240706, 'y': 1059.5685010421305, 'width': 1468.0356732300118, 'height': 2014.712047876265, 'label': 'maiuspala'}, {'x': 546.0768607445176, 'y': 1930.010114686203, 'width': 2289.1116050131573, 'height': 2195.763560657183, 'label': 'kaseke'}]"
50,"[{'x': 918.5534681962976, 'y': 302.3737304488706, 'width': 2315.412149042627, 'height': 1542.1883121867731, 'label': 'pralinee'}, {'x': 1732.1903420492067, 'y': 286.0436649575611, 'width': 2777.894488528404, 'height': 1899.6284119574457, 'label': 'pralinee'}, {'x': 953.947220992178, 'y': 236.33958732302546, 'width': 1269.8057066639685, 'height': 1428.002686110304, 'label': 'ananass'}, {'x': 1074.6986601920473, 'y': 593.488962498768, 'width': 1131.6258417939036, 'height': 1162.156037836266, 'label': 'pralinee'}, {'x': 1181.4158154539082, 'y': 1965.274952743311, 'width': 2417.1545189279886, 'height': 2194.374882133819, 'label': 'mesikapp'}, {'x': 445.18078270624227, 'y': 242.2884854077226, 'width': 1059.8931635521185, 'height': 827.0512728801393, 'label': 'kaseke'}, {'x': 2230.269683338174, 'y': 1741.859159396411, 'width': 2271.8733394540873, 'height': 1821.4205592317562, 'label': 'maiuspala'}]"
51,"[{'x': 1444.2513200530666, 'y': 693.3061801914786, 'width': 1927.7387114525602, 'height': 1349.0506675068982, 'label': 'ananass'}, {'x': 191.12469918271643, 'y': 1314.2579746808594, 'width': 366.3212644349903, 'height': 1478.304423674554, 'label': 'pralinee'}, {'x': 199.1437517480941, 'y': 534.1726008489638, 'width': 1322.7394777923482, 'height': 2251.965673882814, 'label': 'pralinee'}, {'x': 1920.9206341949678, 'y': 1917.8497361679913, 'width': 2016.021678098133, 'height': 2098.4758485440343, 'label': 'pralinee'}, {'x': 657.1079178503273, 'y': 1758.0345329908077, 'width': 1474.943061885715, 'height': 1997.8825531612763, 'label': 'maiuspala'}]"
52,"[{'x': 142.93250945084424, 'y': 3584.639937349133, 'width': 183.6840334475092, 'height': 3980.3303667595515, 'label': 'ananass'}, {'x': 2678.2396226028836, 'y': 3244.5924204090616, 'width': 2812.449672092794, 'height': 3958.495932809888, 'label': 'ananass'}, {'x': 909.6981409093427, 'y': 3206.3990919117578, 'width': 2947.2529574807654, 'height': 3710.3698512307446, 'label': 'kaseke'}, {'x': 2400.281417402155, 'y': 1376.9765737222547, 'width': 2966.027641826616, 'height': 1742.8135779197228, 'label': 'kaseke'}, {'x': 2621.18839456513, 'y': 2988.6337468293855, 'width': 2871.829070331163, 'height': 3800.038637005872, 'label': 'tiina'}]"
53,"[{'x': 827.799167250531, 'y': 3956.698392443368, 'width': 1201.8877249003863, 'height': 3998.1202994148575, 'label': 'tiina'}, {'x': 1254.3422068320494, 'y': 2456.180145812242, 'width': 1380.7589895246886, 'height': 3613.0899953722956, 'label': 'tiina'}, {'x': 206.7821923294817, 'y': 2448.0857615265936, 'width': 1872.1247615057584, 'height': 3240.8777593179334, 'label': 'mesikapp'}, {'x': 419.7773363109013, 'y': 1970.3450018889334, 'width': 2281.573117333143, 'height': 2789.7795777625447, 'label': 'tiina'}, {'x': 1675.0547756783405, 'y': 151.74538824243334, 'width': 1683.5278484222556, 'height': 1631.827410348451, 'label': 'mesikapp'}, {'x': 1311.6578142235078, 'y': 705.6759060271825, 'width': 1700.4948148453261, 'height': 1430.835337588403, 'label': 'tiina'}]"
54,"[{'x': 1126.17722102084, 'y': 2242.2051925376054, 'width': 1823.3382419739419, 'height': 2248.1829435633335, 'label': 'pralinee'}]"
55,"[{'x': 2751.397564653489, 'y': 2111.1707466325347, 'width': 2952.1452911726396, 'height': 2223.418196189334, 'label': 'pralinee'}, {'x': 620.4221771878138, 'y': 1029.2835497086005, 'width': 1554.3079606462861, 'height': 1419.5892925028224, 'label': 'mesikapp'}, {'x': 1427.9310631009798, 'y': 61.97207965701627, 'width': 1739.66758820357, 'height': 659.1685004594195, 'label': 'tiina'}, {'x': 995.7554909872574, 'y': 778.6605021040442, 'width': 2425.634725871401, 'height': 2087.3032279241165, 'label': 'maiuspala'}, {'x': 1224.6904157467106, 'y': 950.0435038101957, 'width': 2162.381010059785, 'height': 2230.2915266577456, 'label': 'maiuspala'}]"
56,"[{'x': 2220.799454957633, 'y': 452.83072953387676, 'width': 2295.2032021394493, 'height': 1871.957535575948, 'label': 'pralinee'}]"
57,"[{'x': 390.67309720798806, 'y': 2386.7454654370654, 'width': 1856.2163928914656, 'height': 2799.2024564851404, 'label': 'tiina'}, {'x': 1519.5076723741872, 'y': 2609.5400414655346, 'width': 1989.0160256569652, 'height': 2739.4208626961317, 'label': 'maiuspala'}, {'x': 555.6442822388311, 'y': 2808.862373177966, 'width': 877.4233296765897, 'height': 2811.468917687864, 'label': 'tiina'}, {'x': 717.9588803239019, 'y': 265.4680598865341, 'width': 1731.7897843984629, 'height': 2613.120605345899, 'label': 'mesikapp'}]"
58,"[{'x': 3804.2333060495703, 'y': 133.89844634332627, 'width': 3845.6085200007424, 'height': 175.0177520740175, 'label': 'pralinee'}, {'x': 1946.4553825214282, 'y': 1987.1936394033369, 'width': 2636.887447396958, 'height': 2773.3557434820505, 'label': 'maiuspala'}, {'x': 2081.2406457259067, 'y': 2248.72159554367, 'width': 2873.707555982918, 'height': 2485.049071178602, 'label': 'mesikapp'}, {'x': 272.8373212305013, 'y': 1586.6891548717913, 'width': 827.5228370531346, 'height': 2578.7007854169874, 'label': 'maiuspala'}, {'x': 3994.6841264889094, 'y': 2638.648167477875, 'width': 3996.2641298013527, 'height': 2769.718932875748, 'label': 'tiina'}, {'x': 2762.955868380645, 'y': 1342.2173346623547, 'width': 2941.7478986299398, 'height': 2198.3109325240484, 'label': 'maiuspala'}]"
59,"[{'x': 1883.8901455969465, 'y': 1447.4547187736746, 'width': 3576.211891900656, 'height': 2546.9129850412455, 'label': 'maiuspala'}, {'x': 3074.032962201501, 'y': 1819.2172984145243, 'width': 3880.224351192473, 'height': 2955.3629232465655, 'label': 'mesikapp'}, {'x': 329.45970554199675, 'y': 2820.2803837372667, 'width': 3708.247811356586, 'height': 2992.617106098353, 'label': 'tiina'}, {'x': 1044.4888170965294, 'y': 1137.56138526695, 'width': 2127.0385340007488, 'height': 1941.9288890407558, 'label': 'tiina'}, {'x': 3837.882253459235, 'y': 1834.0325568057817, 'width': 3848.0468338992255, 'height': 2057.7409407741447, 'label': 'maiuspala'}]"
60,"[{'x': 2907.958326547703, 'y': 1193.2259186433291, 'width': 3406.96146979796, 'height': 1674.2875955258678, 'label': 'maiuspala'}, {'x': 51.41502100401799, 'y': 31.8868825452468, 'width': 3537.1455872814245, 'height': 540.751844569674, 'label': 'tiina'}, {'x': 1144.8885840374267, 'y': 406.4455450463325, 'width': 1273.7940198451565, 'height': 848.6151413017919, 'label': 'maiuspala'}, {'x': 1286.2164600717263, 'y': 1478.5058128592357, 'width': 2912.3223349390223, 'height': 1542.1144724413539, 'label': 'tiina'}]"
61,"[{'x': 677.9630696043272, 'y': 1487.904902584926, 'width': 1161.1489560377847, 'height': 2035.2754328060087, 'label': 'ananass'}, {'x': 1212.933143105474, 'y': 450.3798689461836, 'width': 2756.4973870968333, 'height': 737.1504333710061, 'label': 'maiuspala'}, {'x': 2228.8465889019803, 'y': 730.5399751006154, 'width': 2505.523216781105, 'height': 1214.2713175659171, 'label': 'kaseke'}, {'x': 553.5545710336273, 'y': 1507.7088514744396, 'width': 1272.5870549569283, 'height': 1713.9573929489552, 'label': 'tiina'}, {'x': 136.75424164913233, 'y': 1941.8094509695195, 'width': 2031.6150053466429, 'height': 2065.391868026057, 'label': 'tiina'}, {'x': 1208.3639321676678, 'y': 2132.788149423707, 'width': 2389.8645676349483, 'height': 2177.6779056135624, 'label': 'maiuspala'}]"
62,"[{'x': 946.3009006581574, 'y': 1021.6511932564539, 'width': 1922.6799317197372, 'height': 1390.1923091240853, 'label': 'pralinee'}]"
63,"[{'x': 852.1059470709495, 'y': 1166.0686847618379, 'width': 1338.1556094717107, 'height': 2218.1173916133803, 'label': 'tiina'}, {'x': 126.2941396813805, 'y': 872.981781172218, 'width': 1340.2791503617875, 'height': 1483.9551191615076, 'label': 'pralinee'}, {'x': 1192.7239739064808, 'y': 741.9169767836786, 'width': 1817.5552420392553, 'height': 1715.9286588358991, 'label': 'pralinee'}, {'x': 2012.5568604200423, 'y': 788.3861750859713, 'width': 2075.8300585015736, 'height': 1141.9609784160357, 'label': 'mesikapp'}, {'x': 670.597935102393, 'y': 544.4908187269931, 'width': 717.8394900036591, 'height': 704.492357676522, 'label': 'pralinee'}, {'x': 1964.9306076540797, 'y': 558.6619974668345, 'width': 2324.5028390671227, 'height': 2233.4929849058212, 'label': 'kaseke'}, {'x': 1051.2711046751767, 'y': 2312.2264735234503, 'width': 2385.9852091258745, 'height': 2340.5062363822117, 'label': 'tiina'}]"
64,"[{'x': 618.5629377503592, 'y': 549.1208419202607, 'width': 896.4611719337163, 'height': 2821.160747400513, 'label': 'pralinee'}]"
65,"[{'x': 2596.2198204432334, 'y': 1752.3209653511099, 'width': 2607.5248082961907, 'height': 2544.0103732958655, 'label': 'tiina'}, {'x': 1804.4199377604466, 'y': 904.2987739776621, 'width': 2612.56576427102, 'height': 1648.348286831798, 'label': 'maiuspala'}, {'x': 661.9822543989599, 'y': 2343.385234867926, 'width': 2189.03481966493, 'height': 3182.394366107335, 'label': 'kaseke'}, {'x': 33.99174059011308, 'y': 743.8057124910081, 'width': 381.05354163310926, 'height': 3093.576114757727, 'label': 'tiina'}, {'x': 1951.4044704259984, 'y': 470.29156536602443, 'width': 2323.681364248738, 'height': 1540.316551052636, 'label': 'mesikapp'}]"
66,"[{'x': 2322.9576048490126, 'y': 318.00600861775195, 'width': 3061.608207869222, 'height': 2309.8404378651126, 'label': 'mesikapp'}, {'x': 2234.8302579328224, 'y': 2214.6383165742295, 'width': 3497.0600306542374, 'height': 2663.6100183494523, 'label': 'pralinee'}, {'x': 3003.513566589142, 'y': 2272.444331645521, 'width': 3668.507680301755, 'height': 2393.45189521547, 'label': 'ananass'}]"
67,"[{'x': 1938.8705157206357, 'y': 426.6374048260395, 'width': 3077.868388954447, 'height': 667.9428971005207, 'label': 'maiuspala'}, {'x': 3649.2606748807398, 'y': 1780.9820046191605, 'width': 3831.3906933559797, 'height': 2548.0458358870155, 'label': 'pralinee'}, {'x': 1795.287360237284, 'y': 2567.982254522919, 'width': 3922.631227428221, 'height': 2901.1897648093636, 'label': 'ananass'}, {'x': 1229.572029596849, 'y': 160.25669166648893, 'width': 1823.756586206046, 'height': 1706.5420600050584, 'label': 'kaseke'}, {'x': 2677.7930963189187, 'y': 232.34421909961267, 'width': 3537.834984018963, 'height': 2893.4829416026996, 'label': 'kaseke'}, {'x': 2320.655912874689, 'y': 2035.017664170636, 'width': 2909.6355815600928, 'height': 2575.387104948913, 'label': 'mesikapp'}, {'x': 1860.6683189873481, 'y': 711.2084932341709, 'width': 3572.7744743911344, 'height': 750.9468968447045, 'label': 'pralinee'}]"
68,"[{'x': 1328.5906626588119, 'y': 1691.4547673149482, 'width': 1625.7356443643032, 'height': 1836.434195718118, 'label': 'mesikapp'}, {'x': 2306.282661903075, 'y': 318.29733940859063, 'width': 2758.6363959586197, 'height': 1717.1715813928556, 'label': 'mesikapp'}, {'x': 1484.6399157019223, 'y': 666.7631646882652, 'width': 2075.710682232222, 'height': 1425.5622088752239, 'label': 'pralinee'}, {'x': 587.848157217516, 'y': 614.1956245357545, 'width': 3269.9442196491514, 'height': 639.8811131888531, 'label': 'ananass'}, {'x': 899.6671927640211, 'y': 574.8585015380551, 'width': 1190.6554776142561, 'height': 1449.4686484375554, 'label': 'pralinee'}, {'x': 2551.9621713455417, 'y': 825.7659027090766, 'width': 3142.6609772757047, 'height': 1927.2995314489071, 'label': 'ananass'}]"
69,"[{'x': 708.4295582564451, 'y': 1699.5129404180807, 'width': 3108.494419202395, 'height': 2151.8600263770704, 'label': 'tiina'}, {'x': 584.4998316915945, 'y': 1557.021193466903, 'width': 2210.4605051647027, 'height': 1560.585002901494, 'label': 'mesikapp'}, {'x': 374.24340371031735, 'y': 1139.382150222345, 'width': 1988.9752723639156, 'height': 1381.056628560079, 'label': 'ananass'}, {'x': 187.98775423436612, 'y': 709.0288152144036, 'width': 3024.898289867166, 'height': 2196.2294175991497, 'label': 'kaseke'}]"
70,"[{'x': 1020.2570008880225, 'y': 1839.3394084364886, 'width': 2789.7813783817187, 'height': 1931.1735175581616, 'label': 'kaseke'}, {'x': 3354.3002997965455, 'y': 1277.9424308817358, 'width': 3357.1085940793855, 'height': 1828.6124251154647, 'label': 'mesikapp'}]"
71,"[{'x': 1387.2322779734184, 'y': 2474.40953932998, 'width': 2738.6435946798674, 'height': 2607.4054591769514, 'label': 'kaseke'}]"
72,"[{'x': 2257.7498591906465, 'y': 2881.150358904781, 'width': 2797.1948308999063, 'height': 3147.259492589162, 'label': 'tiina'}, {'x': 1265.8144276985736, 'y': 981.4363562273644, 'width': 1620.7619191016486, 'height': 1366.1003766071462, 'label': 'pralinee'}, {'x': 1333.3144421712227, 'y': 2745.846931322962, 'width': 2854.1979632708317, 'height': 3334.325591862845, 'label': 'kaseke'}, {'x': 1484.0644472611841, 'y': 3000.930857066655, 'width': 2795.778740364848, 'height': 3139.306706622391, 'label': 'kaseke'}, {'x': 1843.167489654438, 'y': 1528.027158935858, 'width': 2419.2848375612307, 'height': 2340.684128566095, 'label': 'tiina'}, {'x': 1915.7877200992475, 'y': 3152.5155675428246, 'width': 1953.079106927304, 'height': 3175.751263396024, 'label': 'mesikapp'}, {'x': 451.79522515974367, 'y': 1957.031026089009, 'width': 2967.403190167927, 'height': 2805.3485665274193, 'label': 'tiina'}]"
73,"[{'x': 1443.2171640951012, 'y': 734.5441775670163, 'width': 2124.948362058077, 'height': 2944.0503172456483, 'label': 'mesikapp'}, {'x': 2041.079778859521, 'y': 2218.3234781234532, 'width': 2994.494306332974, 'height': 3780.725013347238, 'label': 'kaseke'}, {'x': 1248.1774967321053, 'y': 1070.6647180030618, 'width': 1726.122735867391, 'height': 1388.6048303395546, 'label': 'kaseke'}]"
74,"[{'x': 2515.7112771151706, 'y': 1035.692076513754, 'width': 2841.4867879909048, 'height': 1341.934548241177, 'label': 'kaseke'}, {'x': 717.4322471268301, 'y': 572.060726567846, 'width': 808.7237724874087, 'height': 610.5009374499131, 'label': 'ananass'}]"
75,"[{'x': 2901.3188139412205, 'y': 786.7973776775639, 'width': 2911.7676714486115, 'height': 2067.0146693876513, 'label': 'ananass'}, {'x': 1669.292236080031, 'y': 3769.7547691662603, 'width': 1988.2075127401627, 'height': 3811.2096652114215, 'label': 'pralinee'}]"
76,"[{'x': 650.3807171643317, 'y': 1490.998685200105, 'width': 1742.757491419296, 'height': 2696.3679109045916, 'label': 'mesikapp'}, {'x': 587.8113777362204, 'y': 2515.071282206489, 'width': 766.8621628698368, 'height': 2811.381625286909, 'label': 'ananass'}, {'x': 946.926986771978, 'y': 1834.4918332974735, 'width': 1933.218142506074, 'height': 2342.9177773198326, 'label': 'kaseke'}]"
77,"[{'x': 963.358030530995, 'y': 2046.3516719329627, 'width': 2284.935088091156, 'height': 3426.7621082685073, 'label': 'maiuspala'}]"
78,"[{'x': 44.38199117078623, 'y': 941.7978100838025, 'width': 1345.5757433733334, 'height': 2237.730737643788, 'label': 'kaseke'}]"
79,"[{'x': 510.6426294334786, 'y': 2686.608433521232, 'width': 2107.2670488660597, 'height': 3948.641713585533, 'label': 'ananass'}]"
80,"[{'x': 2161.994687897175, 'y': 776.3906065470301, 'width': 2772.287192015474, 'height': 1622.128332752629, 'label': 'kaseke'}, {'x': 1484.4015346295694, 'y': 2016.3524255354455, 'width': 1714.156116197634, 'height': 3960.0987389882666, 'label': 'pralinee'}, {'x': 2237.941955959636, 'y': 3424.3780026791255, 'width': 2517.1192764205125, 'height': 3480.248589968136, 'label': 'kaseke'}, {'x': 203.02371124650688, 'y': 2608.1362500359264, 'width': 2715.582309184582, 'height': 3335.0960161735693, 'label': 'kaseke'}, {'x': 959.6072462335611, 'y': 3794.2873102156195, 'width': 2292.056921780859, 'height': 3885.650365338752, 'label': 'ananass'}, {'x': 2552.865223193157, 'y': 1571.4132050711971, 'width': 2630.0298553229445, 'height': 3672.020727437468, 'label': 'maiuspala'}]"
81,"[{'x': 302.08539601880636, 'y': 1697.443942302456, 'width': 1749.9782783307655, 'height': 1843.0228888385268, 'label': 'kaseke'}, {'x': 461.3469091197344, 'y': 117.67608083548842, 'width': 2802.3352893576703, 'height': 996.1404210767561, 'label': 'maiuspala'}]"
82,"[{'x': 1109.5912971362125, 'y': 1646.45600539981, 'width': 1912.66514231369, 'height': 1842.3430359209392, 'label': 'kaseke'}, {'x': 551.776615404234, 'y': 406.3996270362071, 'width': 1539.7486268633643, 'height': 1862.861647532552, 'label': 'ananass'}, {'x': 2089.0317961988476, 'y': 434.452496641937, 'width': 2500.070081947508, 'height': 550.1637334599137, 'label': 'maiuspala'}, {'x': 1163.6026794447964, 'y': 607.2210107643338, 'width': 2686.0734748833697, 'height': 1337.6571318300835, 'label': 'kaseke'}, {'x': 917.5939916938612, 'y': 1732.8994571057208, 'width': 2126.3787815550886, 'height': 2022.0136713580703, 'label': 'kaseke'}, {'x': 479.10325092705943, 'y': 2392.5076107594664, 'width': 636.854391672425, 'height': 2455.304426383605, 'label': 'maiuspala'}]"
83,"[{'x': 1373.589210430863, 'y': 1325.739720656556, 'width': 2553.725731453551, 'height': 2260.9441227888433, 'label': 'tiina'}, {'x': 1451.642718931717, 'y': 1906.152889728792, 'width': 2506.566929790382, 'height': 1947.557638839918, 'label': 'ananass'}, {'x': 230.68999769213806, 'y': 270.9631104429781, 'width': 1962.9703332705562, 'height': 2197.47182148728, 'label': 'ananass'}, {'x': 1490.0319115955874, 'y': 949.6812644847932, 'width': 1505.0616038420806, 'height': 1898.2259401710996, 'label': 'mesikapp'}, {'x': 1673.0292272720556, 'y': 1855.8049093202278, 'width': 2156.7704745385045, 'height': 2045.46808851313, 'label': 'kaseke'}]"
84,"[{'x': 3138.7796485373433, 'y': 688.9036340968358, 'width': 3844.5069712821037, 'height': 2051.914190354379, 'label': 'ananass'}, {'x': 535.2178511048096, 'y': 1753.0957634903643, 'width': 2507.818419367105, 'height': 2180.1370014946574, 'label': 'pralinee'}, {'x': 3495.7766037850233, 'y': 415.017304154567, 'width': 3780.3978197730703, 'height': 1596.2606347933813, 'label': 'pralinee'}, {'x': 1503.2345749800093, 'y': 1756.4865900285697, 'width': 3162.7581123974114, 'height': 1795.940043132776, 'label': 'maiuspala'}, {'x': 1141.1077404876057, 'y': 2063.7349877449296, 'width': 3097.116853832378, 'height': 2156.2940467433677, 'label': 'kaseke'}]"
85,"[{'x': 94.86188756859005, 'y': 310.69044850446824, 'width': 2849.4018868885805, 'height': 1848.0679474434055, 'label': 'pralinee'}, {'x': 2344.6876586372114, 'y': 1601.1070113272556, 'width': 2824.260573476685, 'height': 2325.140114363052, 'label': 'kaseke'}, {'x': 1911.297511911859, 'y': 2915.303285433577, 'width': 2043.2787673442288, 'height': 2972.1607345158423, 'label': 'maiuspala'}, {'x': 3984.358348077432, 'y': 2467.122038852016, 'width': 3991.491275289682, 'height': 2823.267661432444, 'label': 'kaseke'}, {'x': 2084.978317393599, 'y': 580.6941869943838, 'width': 3099.384700636365, 'height': 1202.7568583293753, 'label': 'tiina'}]"
86,"[{'x': 3996.0815790303236, 'y': 129.38660429315954, 'width': 3998.152668533568, 'height': 1343.8829094629955, 'label': 'maiuspala'}, {'x': 3389.8454897295833, 'y': 999.6551232835308, 'width': 3712.4847028777035, 'height': 1897.3633562304576, 'label': 'kaseke'}, {'x': 3861.26371180191, 'y': 1072.8121635562131, 'width': 3964.7794388626676, 'height': 1518.2704289258954, 'label': 'mesikapp'}, {'x': 2411.8629404600547, 'y': 419.86755813637393, 'width': 3133.126724520988, 'height': 1937.0068518975108, 'label': 'maiuspala'}, {'x': 296.2410110230298, 'y': 1405.3308662716563, 'width': 1077.0798297394151, 'height': 1603.4940923449144, 'label': 'pralinee'}, {'x': 1774.7011704066974, 'y': 1888.1159979975544, 'width': 2664.282047608374, 'height': 1930.4145860146193, 'label': 'kaseke'}, {'x': 1753.785017100516, 'y': 1584.9427203774228, 'width': 3996.2224697304982, 'height': 1624.1131505682977, 'label': 'kaseke'}]"
87,"[{'x': 2061.3906950157634, 'y': 1583.5918177007943, 'width': 3603.2532932666613, 'height': 1906.448079019964, 'label': 'pralinee'}, {'x': 853.6990022010058, 'y': 1331.9416370988574, 'width': 3489.012307878018, 'height': 1621.1063844286207, 'label': 'maiuspala'}, {'x': 818.4100918736283, 'y': 544.4070952925182, 'width': 3841.730039242094, 'height': 1795.2320492642002, 'label': 'kaseke'}, {'x': 2608.689208245581, 'y': 893.895576070165, 'width': 3591.4044190368054, 'height': 2119.1898474698746, 'label': 'ananass'}]"
88,"[{'x': 1349.8265617923585, 'y': 2026.448829436036, 'width': 2228.7869232828657, 'height': 3940.555350319157, 'label': 'maiuspala'}, {'x': 2399.5279386694438, 'y': 3443.4578142093333, 'width': 2754.0080782342175, 'height': 3960.8858023081843, 'label': 'maiuspala'}, {'x': 844.5254191729545, 'y': 2477.9906805632186, 'width': 1827.6973566272125, 'height': 3829.1236168719615, 'label': 'tiina'}, {'x': 2937.6185032806734, 'y': 2137.5337090525913, 'width': 2991.882766763927, 'height': 2497.0606619877717, 'label': 'ananass'}]"
89,"[{'x': 1866.64027230116, 'y': 1224.4551733793767, 'width': 2916.7788111742802, 'height': 1533.4429316048806, 'label': 'kaseke'}, {'x': 1754.872006093459, 'y': 2154.149145545678, 'width': 2741.806228169356, 'height': 2312.6581953292507, 'label': 'kaseke'}]"
90,"[{'x': 3283.345376953113, 'y': 2759.0769364040852, 'width': 3903.0519053435632, 'height': 2812.8532315521697, 'label': 'mesikapp'}, {'x': 892.0804599651971, 'y': 679.4724379739323, 'width': 1628.88930440585, 'height': 1728.7124023143003, 'label': 'ananass'}]"
91,"[{'x': 3942.61691081591, 'y': 1478.8436764694852, 'width': 3948.1801389149946, 'height': 2122.0206425144097, 'label': 'tiina'}, {'x': 301.87406918272507, 'y': 1565.3207184342268, 'width': 2064.7580970169606, 'height': 2619.2527791180737, 'label': 'pralinee'}, {'x': 3812.2972655429744, 'y': 1784.0938891859785, 'width': 3949.3006442665023, 'height': 2983.738492020487, 'label': 'kaseke'}, {'x': 496.1946572302547, 'y': 340.44134639314103, 'width': 2921.928994558491, 'height': 2646.1050210036597, 'label': 'kaseke'}]"
92,"[{'x': 3083.9366757745365, 'y': 2132.7120010166445, 'width': 3772.719933950824, 'height': 2919.9968208570754, 'label': 'ananass'}]"
93,"[{'x': 1168.3342111055406, 'y': 2013.9307496283564, 'width': 1366.6003850939012, 'height': 2490.624217541487, 'label': 'mesikapp'}, {'x': 1902.48160615068, 'y': 31.640743677545807, 'width': 2329.984388022821, 'height': 2609.8189646856817, 'label': 'mesikapp'}, {'x': 129.65256177045248, 'y': 2783.8811901868016, 'width': 2395.4109572225602, 'height': 2833.19746501775, 'label': 'mesikapp'}, {'x': 1950.8485726472054, 'y': 2532.934148730343, 'width': 2711.4837702274554, 'height': 2584.106436915752, 'label': 'tiina'}, {'x': 2331.769805360769, 'y': 1751.5354628837038, 'width': 2623.055805471033, 'height': 2345.0599283938723, 'label': 'tiina'}, {'x': 2900.46357141896, 'y': 1287.248313550367, 'width': 2942.149412305746, 'height': 1959.0733271261263, 'label': 'kaseke'}, {'x': 730.686616291523, 'y': 1826.6376775452661, 'width': 970.9511797092199, 'height': 2165.5179548386373, 'label': 'maiuspala'}]"
94,"[{'x': 1651.8854975386969, 'y': 2180.8067668525237, 'width': 2650.966825550678, 'height': 2585.9859703837433, 'label': 'ananass'}]"
95,"[{'x': 1716.2131173799603, 'y': 93.47310637907313, 'width': 2141.4676687965025, 'height': 835.1940777346567, 'label': 'kaseke'}]"
96,"[{'x': 518.0807758016433, 'y': 2023.8028042140845, 'width': 2816.327163457514, 'height': 3163.381409055018, 'label': 'maiuspala'}, {'x': 945.5260740626684, 'y': 1583.7827031715049, 'width': 2991.5540334248126, 'height': 3525.9081160281494, 'label': 'tiina'}]"
97,"[{'x': 2966.3381514151592, 'y': 3968.9829640404346, 'width': 2996.456427300739, 'height': 3980.090959571316, 'label': 'pralinee'}, {'x': 948.5662768061593, 'y': 2025.7234059146483, 'width': 1723.4073502906065, 'height': 2066.3792467969633, 'label': 'tiina'}, {'x': 126.507041153046, 'y': 3004.5959518281097, 'width': 304.9524561638251, 'height': 3508.6064024824495, 'label': 'mesikapp'}, {'x': 2623.1302222212285, 'y': 971.2241640497301, 'width': 2847.0284999743662, 'height': 2298.1097294251326, 'label': 'mesikapp'}]"
98,"[{'x': 2691.135323513242, 'y': 847.2183415587123, 'width': 2766.315110212634, 'height': 2697.7546635848416, 'label': 'kaseke'}, {'x': 96.36563913750173, 'y': 1096.292933855433, 'width': 341.50259712147584, 'height': 2072.2543953095665, 'label': 'maiuspala'}, {'x': 112.46067013805438, 'y': 3568.23993461361, 'width': 362.56325110175135, 'height': 3786.8135823823113, 'label': 'ananass'}, {'x': 705.8109434728995, 'y': 2322.3261469791837, 'width': 1512.7830482376476, 'height': 2407.2554089352284, 'label': 'pralinee'}]"
99,"[{'x': 359.5727105469297, 'y': 1671.9291593236394, 'width': 657.832836388862, 'height': 2314.927170214234, 'label': 'kaseke'}, {'x': 2908.0036128586717, 'y': 2930.076779207121, 'width': 3846.6338475659236, 'height': 2975.017320832453, 'label': 'mesikapp'}, {'x': 2380.045620655123, 'y': 1315.2317845291032, 'width': 3918.9381433620447, 'height': 2302.970635029722, 'label': 'pralinee'}, {'x': 836.2335377803261, 'y': 630.1153186542626, 'width': 2483.4077183972877, 'height': 2643.0096325484983, 'label': 'pralinee'}]"
